{"ethvolume_list": "[5.005400000000001, 110.9822, 0.14, 1.9070000000000003, 0.30000000000000004, 3.8, 6.02, 1.0, 0.0111, 4.1, 0, 0, 3.2, 29.2696, 0, 67350.0, 3396.0000000000005, 2465.4999999999995, 525.0, 1858.6, 2260.7999999999997, 3569.7, 1884.0, 4716.399999999998, 3509.7999999999993, 1953.6, 3809.2999999999997, 6633.599999999999, 2767.2, 2461.899999999999, 3456.9, 801.7, 6002.359999999998, 5630.72, 4952.4001, 2489.8, 1943.6, 5721.099999999999, 2200.2000000000003, 2332.7, 3423.7000000000003, 3729.3999999999996, 1767.3000000000004, 5387.2, 3075.7000000000003, 4826.7, 1712.6999999999998, 3262.0, 4366.1, 6023.1, 2973.399999999999, 3221.8999999999996, 5818.7, 4106.4, 3557.7999999999997, 5530.7, 4877.799999999999, 3083.9, 5868.5999999999985, 3748.6, 5287.799999999999, 11734.300000000001, 2913.0, 4867.7, 8269.300000000001, 7250.8, 9333.400000000001, 6678.5999999999985, 5955.0999999999985, 12946.69, 8402.1, 4030.2, 6376.799999999999, 6935.8, 10502.0, 10683.4, 6072.799999999999, 8589.499999999998, 15381.1, 4703.489999999999, 14875.66, 12832.300000000003, 15562.300000000003, 12725.899999999998, 15428.200000000003, 16875.100000000002, 5835.2, 9377.300000000001, 9295.4, 9954.699999999999, 12432.319999999996, 10442.399999999998, 4252.109999999999, 10708.219999999998, 9693.8, 12349.799999999997, 6514.999999999999, 10609.599999999999, 7507.059999999998, 8079.400000000002, 11571.160000000003, 5963.5, 6712.69, 6024.5, 4306.0, 6739.789999999998, 16488.2, 14736.300000000001, 5481.799999999999, 15832.0, 4227.999999999999, 16136.100000000006, 4964.7, 7220.3, 1084.8, 2281.2000000000003, 3223.3999999999996, 5185.005899999999, 415.6, 274.00000000000006, 1149.4, 336.79999999999995, 727.8000000000001, 1664.0, 500.8, 199.59999999999997, 567.2, 116.0, 69.60000000000001, 500.59999999999997, 4.800000000000001, 2.0, 74.4, 1.2, 505.6, 0.8, 0.8, 2.0000000000000004, 0, 66.4, 2.2, 200.2, 2.8000000000000003, 1.6, 100.4, 1.5999999999999999, 0.2, 100.0, 1.4000000000000001, 0.6000000000000001, 2.0, 1.8, 200.79999999999998, 0.2, 1.0, 0, 0.6000000000000001, 366.0, 0.2, 503.0, 2.6, 0.6000000000000001, 0.8, 0.2, 2.2, 0.4, 0, 50.4, 1.0, 0, 0, 0.4, 0, 0, 0, 0, 0, 0, 1.0, 0.4, 0.8, 0.2, 0, 0, 0, 0.2, 0.2, 0, 0, 1.0, 0.2, 0, 2.6, 0, 0, 0, 0, 0, 0, 0, 0, 0, 0, 0.6000000000000001, 0, 0, 0.2, 0, 0.4, 0, 0, 0, 0, 0, 0.4, 0, 0, 0.2, 0, 0.4, 0, 0, 0, 0, 0, 0, 0, 0, 0, 0, 0, 0, 0, 0, 0, 0, 0, 0, 0, 0, 0, 0, 0, 0, 0, 0, 0, 0, 0, 0, 0, 0, 0, 0, 0]", "category_raise_ranking": -4, "total_ranking": 206, "labels": [], "updated_at": "2020-01-13 15:38:13", "total_raise_ranking": -48, "total_ranking_weekly": 101, "logo": "8023.png", "id": 8023, "txs_list": "[2.0, 10.0, 308.0, 324.0, 268.0, 263.0, 89.0, 10.0, 389.0, 177.0, 18.0, 393.0, 255.0, 258.0, 66.0, 754.0, 933.0, 196.0, 164.0, 263.0, 214.0, 309.0, 343.0, 963.0, 1529.0, 874.0, 1115.0, 1221.0, 1129.0, 1148.0, 1702.0, 1058.0, 1204.0, 1510.0, 1376.0, 1423.0, 1349.0, 1676.0, 1406.0, 1448.0, 1604.0, 1732.0, 1708.0, 1691.0, 1940.0, 2117.0, 1628.0, 1751.0, 2055.0, 1858.0, 1972.0, 2155.0, 2294.0, 1985.0, 1916.0, 1972.0, 2341.0, 2194.0, 2256.0, 2484.0, 2295.0, 2931.0, 2229.0, 2499.0, 2698.0, 2587.0, 3016.0, 2660.0, 2956.0, 3358.0, 3235.0, 3057.0, 2844.0, 3075.0, 3239.0, 3353.0, 3079.0, 3432.0, 3802.0, 3405.0, 3959.0, 3936.0, 4229.0, 4499.0, 4932.0, 4768.0, 4019.0, 4071.0, 4601.0, 4544.0, 4721.0, 4337.0, 4671.0, 3976.0, 4291.0, 4319.0, 4214.0, 4612.0, 4772.0, 4532.0, 4670.0, 4898.0, 4929.0, 5145.0, 5423.0, 5506.0, 5761.0, 4734.0, 4616.0, 5134.0, 5062.0, 4967.0, 4969.0, 4933.0, 5068.0, 4935.0, 5436.0, 4983.0, 4490.0, 4719.0, 4614.0, 4902.0, 4613.0, 5158.0, 5022.0, 5209.0, 5023.0, 4797.0, 5138.0, 4966.0, 4896.0, 4583.0, 4633.0, 4538.0, 4593.0, 4769.0, 4341.0, 4326.0, 4296.0, 4195.0, 4073.0, 4092.0, 4290.0, 4532.0, 4221.0, 4123.0, 4275.0, 4218.0, 4396.0, 4439.0, 4171.0, 4117.0, 3758.0, 1388.0, 4179.0, 2651.0, 2364.0, 2147.0, 2421.0, 4169.0, 3811.0, 3993.0, 4147.0, 4565.0, 4068.0, 3828.0, 3794.0, 3781.0, 3970.0, 3831.0, 4006.0, 3994.0, 3949.0, 3770.0, 2100.0, 688.0, 1186.0, 1295.0, 1381.0, 4024.0, 3925.0, 3879.0, 770.0, 94.0, 170.0, 167.0, 145.0, 127.0, 165.0, 148.0, 152.0, 92.0, 150.0, 40.0, 47.0, 61.0, 95.0, 39.0, 39.0, 60.0, 160.0, 91.0, 138.0, 123.0, 54.0, 79.0, 72.0, 57.0, 73.0, 48.0, 70.0, 66.0, 83.0, 58.0, 279.0, 146.0, 161.0, 75.0, 62.0, 50.0, 0, 0, 0, 0, 0, 0, 0, 0, 0, 0, 0, 0, 0, 0, 0, 0, 0, 0, 0, 0, 0, 0, 0, 0, 0, 0, 0, 0, 0, 0, 0, 0, 0, 0, 0]", "category": "Games", "network": "EOS", "volume_change_weekly": 50.000000000000014, "category_ranking": 30, "volume_change": 0.0, "volume_weekly": 0.6000000000000001, "txs_weekly": 348.0, "volume_24h": 0.0, "wau": 10.0, "website": "https://dinosaurkingdom.org/", "description": "Dinosaur Kingdom is the first decentralized game(dGame) on EOS developed and released by IEG,  The dGame enables players to trade with EOS and ensures them to gain revenue from playing the dGame, owing to its principles that playing is mining and tokens brings dividend. Besides, rules and rewards could be queried on the EOS mainnet, open, clear and fair.",